{
  "_NAME": ["SGFN", "Mmgnet"],
  "MODEL_PATH": "<Your Path>/src/model/model.py",
  "NAME": "Mmgnet",
  "PATH": "<Your Path>/output",
  "multi_view_root": "<Your Path>/3RScan",
  "VERBOSE": false,
  "SEED": 2020,
  "MAX_EPOCHES": 100,
  "LR": 0.0001,
  "W_DECAY": false,
  "AMSGRAD":false,
  "LR_SCHEDULE": "Cosine",
  "GPU": [0],
  "SAVE_INTERVAL": 2000,
  "VALID_INTERVAL": 10,
  "LOG_INTERVAL": 100,
  "LOG_IMG_INTERVAL": 100,
  "WORKERS": 4,
  "Batch_Size": 8, 
  "update_2d": false,
  "EVAL": false,
  "_EDGE_BUILD_TYPE": ["FC", "KNN"],
  "EDGE_BUILD_TYPE": "KNN",
  "WEIGHTING": true,
  "MODEL": {
    "N_LAYERS": 2,
    "USE_SPATIAL": true,
    "WITH_BN": false,
    "USE_GCN": true,
    "USE_RGB": false,
    "USE_NORMAL": false,
    "use_2d_feats": true,
    "USE_CONTEXT": true,
    "USE_GCN_EDGE": true,
    "USE_REL_LOSS": true,
    "OBJ_PRED_FROM_GCN": true,
    "_GCN_TYPE": ["TRIP", "EAN"],
    "GCN_TYPE": "EAN",
    "_ATTENTION" : ["fat"],
    "ATTENTION": "fat",
    "DROP_OUT_ATTEN": 0.5,
    "multi_rel_outputs": true,
    "feature_transform": false,
    "point_feature_size": 512,
    "edge_feature_size":256,
    "clip_feat_dim": 512, 
    "lambda_o": 0.1,
    "DIM_ATTEN": 512,
    "_WEIGHT_EDGE": ["BG", "DYNAMIC", "OCCU", "NONE"],
    "WEIGHT_EDGE": "DYNAMIC",
    "OBJ_EDGE": "NONE",
    "_GCN_AGGR": ["add","mean","max"],
    "GCN_AGGR": "max",
    "w_bg": 1.0,
    "NONE_RATIO": 1.0,
    "NUM_HEADS": 8,
    "use_pretrain":"",
    "use_descriptor": true,
    "obj_label_path":"<Your Path>/data/3DSSG_subset/classes.txt",
    "rel_label_path":"<Your Path>/data/3DSSG_subset/relations.txt",
    "adapter_path":"<Your Path>/clip_adapter/checkpoint/origin_mean.pth",
    "USE_DISTANCE_MASK": true,
    "USE_NODE_ATTENTION ": false
  },
  "dataset": {
    "root": "<Your Path>/data/3DSSG_subset",
    "selection": "",
    "use_data_augmentation": false,
    "ignore_scannet_rel": true,
    "is_v2": true,
    "_label_file": ["labels.instances.align.annotated.v2.ply", "inseg.ply", "cvvseg.ply"],
    "label_file": "labels.instances.align.annotated.v2.ply",
    "data_augmentation": false,
    "num_points": 128,
    "num_points_union": 256,
    "disable_support_rel": false,
    "with_bbox": false,
    "discard_some": false,
    "load_cache": false,
    "sample_in_runtime": true,
    "sample_num_nn": 2,
    "sample_num_seed": 4,
    "class_choice": [],
    "max_edges": -1,
    "drop_edge": 0.5,
    "drop_edge_eval": 0.0,
    "use_object_weight": false
  }
}
